Year,Throughput
2019,15.050012325006314
2020,26.722185535238484
2021,25.30540736260751
2022,38.66900416358096
2023,59.14712569120482
2024,137.05973110691016
