Year,Throughput
2019,16.448750788317202
2020,24.84575029579456
2021,26.97111500534705
2022,28.58684286583185
2023,47.35314351640853
2024,73.69235664710881
