Year,Throughput
2019,8.793457951763022
2020,23.837436857880007
2021,32.45066866294362
2022,26.57122194564722
2023,33.80712750678068
2024,48.55663447261833
