Year,Throughput
2019,16.725673627990883
2020,37.13321469670816
2021,29.447360241027912
2022,32.33193300997235
2023,69.4324355415625
2024,119.36415063890867
