Year,Throughput
2019,9.398428064908058
2020,13.73313509516518
2021,16.543955627424786
2022,18.36441988443521
2023,17.166301097827063
2024,21.770333816918704
