Year,Throughput
2019,8.532282246099467
2020,16.041821432853034
2021,23.778917339678376
2022,39.54640656494552
2023,42.48228771637329
2024,68.19644661692492
