Year,Throughput
2019,6.810110786153634
2020,13.994488513685726
2021,17.237133919720538
2022,30.273392569889708
2023,46.61109069746423
2024,84.32733346712375
