Year,Throughput
2019,3.0428390757212807
2020,9.388171542263743
2021,20.040205817984166
2022,26.234037312450578
2023,35.75680225475557
2024,47.910572277305
