Year,Throughput
2019,5.072664693128583
2020,7.6740770498521895
2021,10.899421776131136
2022,13.43447337803216
2023,21.16574884052581
2024,33.56946087972606
