Year,Throughput
2019,7.075486509961842
2020,16.624400630568243
2021,17.11662397945761
2022,24.318797274553166
2023,38.27409785721304
2024,80.004994943998
