Year,Throughput
2019,7.056861944508223
2020,11.191631972093854
2021,14.030871788568527
2022,16.22190080333451
2023,18.520897480938093
2024,24.000785764926096
