Year,Throughput
2019,10.404152409048983
2020,17.830656016473515
2021,21.296160663680855
2022,34.98679345802425
2023,41.814531184440845
2024,54.533204941593276
